Respondent_ID,Weight,Region,Gender,Age_Group,Income_Level,Education,Q1A,Q1B,Q1C,Q1D,Q1E,Q2,Q3,Q4,Q5,Q6,Q7,Q8,Q9,Q11A,Q11B,Q11C,Q11D,Q12_1,Q12_2,Q12_3,Q12_4,Q12_5,Q12_6,Cluster
R001,0.6,1,1,3,3,2,0,0,0,1,1,1,3,7,1,1;2;3,4,524,1;2;3;4;5,3,2,1,3,1,,,,,,3
R002,1.4,4,1,5,3,2,1,1,1,0,0,3,5,7,2,1;3;4,5,1320,1;3;5,5,5,4,5,1,3,,,,,2
R003,1.2,1,1,5,5,1,1,0,0,0,0,3,3,7,1,1;2,2,2952,1;2;5,2,3,4,4,2,5,,,,,1
R004,1,5,2,3,3,3,0,0,1,0,0,3,5,9,3,1;2;3;4,5,1403,1;2;3,5,4,3,4,3,5,,,,,2
R005,1,2,1,4,6,3,1,0,0,0,0,3,4,7,1,1;2;3,3,4373,1;2;4;5,3,4,2,5,1,3,4,,,,1
R006,0.6,4,1,4,5,3,1,1,0,0,0,3,3,6,2,2;3;4,2,2102,1;3,4,2,1,4,6,,,,,,1
R007,0.7,4,2,2,5,3,1,1,0,0,0,3,5,10,1,1,4,2394,1;4,4,4,3,5,1,,,,,,1
R008,0.8,1,1,4,5,3,1,0,1,0,1,3,4,5,1,1;2;3,4,3104,1,3,4,4,5,,,,,,,1
R009,1.1,1,1,3,3,2,1,0,0,1,0,2,4,5,1,1;2;3,4,795,1,3,3,3,5,1,2,5,,,,2
R010,0.9,1,2,2,4,3,1,0,0,0,0,1,2,1,3,1;3,3,861,1;3,2,1,1,2,1,4,,,,,2
R011,1.2,3,1,3,4,3,0,1,1,0,0,2,5,7,1,1;3,4,1036,2;3,5,5,4,5,1,6,,,,,2
R012,1.1,3,2,4,4,4,1,0,0,0,0,2,3,3,2,1;4,3,1217,1;4,2,3,3,2,4,5,6,,,,2
R013,0.9,2,2,5,5,1,1,1,0,0,0,3,1,0,2,1;4,2,1979,1,1,2,2,2,1,2,,,,,1
R014,0.8,3,2,2,3,1,1,1,0,1,0,2,4,5,2,1;2;3,3,807,1,3,4,4,4,5,,,,,,2
R015,0.9,2,2,2,3,2,0,0,0,0,0,,,,,,,,,,,,,2,6,,,,,4
R016,0.8,4,1,4,3,3,1,1,0,0,0,2,4,8,1,1;3,4,872,1;2;3,3,3,5,5,1,4,5,,,,2
R017,0.8,1,1,3,3,2,0,0,0,0,1,2,4,5,2,1,4,408,1;2;3,4,4,2,4,5,,,,,,2
R018,0.8,3,2,4,4,4,0,0,1,0,0,2,4,8,2,1;2;3;4,4,953,1;2;3;5,5,4,5,5,6,,,,,,2
R019,1,2,2,2,3,2,1,1,0,0,0,2,3,3,2,1,2,775,1;3;4,2,2,3,2,1,2,4,5,6,,2
R020,0.8,3,1,4,3,2,1,1,0,0,0,1,1,3,1,1;2;3,2,305,1;3,2,1,2,1,2,6,,,,,3
R021,0.7,1,1,2,3,1,1,1,0,0,0,1,2,2,2,1,2,469,1;2;3;4,2,1,1,1,1,2,5,6,,,3
R022,0.6,3,2,3,4,3,1,1,1,0,1,3,5,7,3,1;2;3,4,2003,1;3,5,5,5,5,1,2,3,5,,,2
R023,0.6,4,1,4,3,3,0,0,0,1,0,2,2,4,2,4,3,836,3,1,3,1,2,2,3,,,,,2
R024,1.2,1,1,4,6,3,1,0,0,0,1,2,4,6,3,1;3,4,1439,1,3,4,5,4,1,3,,,,,2
R025,0.8,2,2,2,5,2,1,0,0,0,0,3,3,3,1,2;3,4,1936,1;3,2,2,4,3,1,,,,,,1
R026,0.6,4,2,4,5,2,1,0,0,0,0,1,3,3,1,1;3,4,932,1;2;3,2,2,2,2,2,6,,,,,2
R027,1,3,2,3,5,4,1,0,1,0,0,2,5,9,1,1,3,1806,1;3,5,4,3,5,5,,,,,,2
R028,1.3,2,1,5,3,3,0,1,1,0,1,3,2,2,2,1;2;4,1,1163,1;3;4,2,2,2,1,1,2,4,,,,2
R029,1,4,2,1,3,1,1,0,0,0,0,3,3,4,2,1;3,3,1235,2;3;4,2,3,4,2,1,3,,,,,2
R030,0.9,5,2,5,4,1,1,0,0,0,1,2,3,4,3,1,2,961,4,2,4,1,2,2,3,5,,,,2
R031,1.4,2,1,2,3,1,1,0,1,1,0,1,4,5,1,1,1,292,1,4,5,2,4,3,,,,,,3
R032,0.9,4,1,1,3,2,1,0,0,0,0,1,2,4,2,1;2;4,3,419,1;2,3,3,1,2,1,2,3,5,6,,3
R033,1.4,4,2,3,4,3,1,0,1,1,0,3,4,9,3,1;3,5,1774,1,3,3,5,3,2,4,5,6,,,2
R034,0.8,4,1,5,5,3,1,0,1,0,1,3,4,8,1,3,4,2786,1;2,3,3,3,3,2,3,5,,,,1
R035,0.9,4,2,2,4,1,1,0,0,0,1,2,4,5,1,,3,650,1;2;3,5,5,4,3,1,5,,,,,2
R036,1.5,4,2,4,4,3,1,0,0,0,0,2,2,3,2,1;2;3;4,1,706,1;3,2,3,1,1,1,2,3,4,6,,2
R037,1.4,4,2,5,5,2,1,0,0,0,0,2,2,3,2,2;3;4,2,981,2,3,3,3,2,4,,,,,,2
R038,0.6,2,2,5,4,1,1,0,1,0,0,1,2,3,3,1;3,1,808,1;4,1,3,3,2,1,5,6,,,,2
R039,0.9,2,2,3,6,4,1,0,1,0,0,3,4,9,1,1;2;3,4,3002,1;2;4;5,3,5,2,5,1,3,5,,,,1
R040,1.2,5,1,4,3,3,0,0,0,0,0,,,,,,,,,,,,,1,5,,,,,4
R041,1,5,2,4,5,4,1,1,1,0,0,1,3,5,2,1;4,4,925,1;3,3,3,1,3,1,2,3,5,6,,2
R042,1.3,1,2,2,2,2,0,1,0,0,1,1,2,1,3,2;3;4,1,155,1;3,2,3,1,3,2,3,6,,,,3
R043,1.5,4,1,1,2,1,1,0,0,1,0,1,3,5,2,1;3,3,343,1;2;3,2,4,4,4,1,2,3,6,,,3
R044,0.8,2,1,2,5,2,1,0,0,1,0,2,5,7,3,1;2;3,5,1733,1;3;5,4,5,5,4,1,3,4,5,,,2
R045,1.2,3,2,4,4,3,1,1,0,0,0,2,5,7,1,1;2,5,585,1;3;4,5,5,5,5,1,2,5,6,,,2
R046,1.5,2,2,4,4,3,1,1,0,0,1,3,4,6,3,1;3;4,5,1587,1,4,5,4,5,1,2,,,,,2
R047,1.3,2,2,5,3,3,1,0,0,0,0,3,3,3,1,1;3,3,1037,1,4,4,3,2,4,,,,,,2
R048,0.8,1,1,5,3,1,0,1,0,0,0,2,4,9,1,1;3,4,765,1,5,3,2,3,1,,,,,,2
R049,1,1,2,5,3,3,0,0,1,1,1,2,4,6,2,1;3,3,559,1;3,4,4,3,3,1,2,3,5,,,2
R050,0.7,2,2,5,4,1,0,0,0,0,1,2,4,6,1,1;2;3,5,1312,1;2;3;4,4,5,4,4,1,2,4,6,,,2
R051,1.2,5,2,5,3,3,1,0,0,0,0,3,5,8,2,1;2;3,5,1054,1;3;5,5,5,5,5,1,5,,,,,2
R052,1.3,3,2,1,3,1,0,0,1,0,0,3,5,8,2,1;2,5,808,1;4;5,5,4,5,5,1,2,,,,,2
R053,1,2,1,5,4,2,1,1,0,0,0,3,5,9,2,1;2;4,5,1524,1;3,5,5,5,4,2,5,,,,,2
R054,0.8,2,2,1,1,2,1,1,0,1,0,3,4,6,1,2;3,5,353,1;4,3,3,3,4,,,,,,,2
R055,1.2,3,1,1,2,1,0,1,0,0,0,3,2,3,3,1;4,1,651,1;3,3,3,3,1,2,3,4,5,,,2
R056,1.1,3,1,1,2,2,0,1,0,0,0,2,2,5,1,2,1,422,1;3,1,2,2,3,1,4,,,,,2
R057,1.5,3,1,3,4,3,1,0,0,0,0,3,5,8,3,1;2;4,4,1421,1;2;3,4,4,5,5,1,,,,,,2
R058,0.6,1,2,2,4,2,1,0,0,0,0,3,4,5,2,2;3,5,1570,1,5,4,4,4,1,3,4,,,,2
R059,1,2,2,1,1,1,0,1,1,1,0,2,4,9,2,1;2;3;4,5,142,1;5,3,3,2,4,3,5,6,,,,2
R060,1.3,2,1,2,4,2,0,1,0,0,0,2,2,5,2,1;2;4,3,798,1,3,2,2,3,1,2,3,5,,,2
R061,1.5,3,1,4,6,3,1,1,1,1,0,3,5,7,2,2;3,2,2473,1;3,5,5,3,4,3,5,6,,,,1
R062,1.3,5,1,4,6,3,1,0,0,0,0,2,2,5,1,3,3,2845,1;2;3,3,2,2,1,1,2,4,,,,2
R063,1,3,2,4,6,3,1,0,1,0,0,3,4,5,2,2;4,1,3044,1;3,4,3,5,5,1,2,4,5,,,1
R064,1.3,3,1,5,5,2,0,1,1,1,0,3,5,9,2,1;3;4,5,2677,5,5,5,5,4,3,,,,,,1
R065,1.4,1,1,2,3,3,1,1,1,0,0,2,1,2,1,1;2,3,800,1;2,2,1,2,2,1,6,,,,,2
R066,1.5,4,1,1,1,2,1,0,1,0,0,1,3,6,2,1;3,4,75,1,3,3,1,2,1,2,3,4,5,6,3
R067,0.6,4,2,1,1,1,1,1,0,0,0,1,5,8,3,1;2;3;4,4,73,1;2,5,5,5,5,2,3,4,5,,,3
R068,1.4,4,2,4,4,4,0,1,1,0,0,2,5,9,1,1;2,4,941,1;2;4,4,5,3,5,1,4,,,,,2
R069,1.2,4,2,2,4,1,0,0,1,0,0,2,4,8,2,2;4,4,633,1;3,5,5,5,4,2,3,4,5,,,2
R070,1.2,5,1,4,4,3,0,1,0,0,0,3,3,4,2,1;4,1,2226,1;2;4,3,4,1,4,,,,,,,2
R071,0.7,4,2,2,4,3,0,1,0,0,0,2,1,1,1,3,1,1077,1;3,2,2,1,2,1,2,3,5,6,,2
R072,0.6,3,1,2,3,1,1,1,0,0,0,2,4,9,2,1;4,3,599,1;5,4,5,5,4,2,5,6,,,,2
R073,0.7,2,2,1,1,1,1,0,0,0,1,1,4,7,3,3;4,3,130,3;5,3,3,3,5,2,5,6,,,,3
R074,1.1,2,1,1,2,1,1,0,1,0,0,2,5,7,1,2;3,4,541,2,5,5,5,4,2,,,,,,2
R075,1.4,1,2,5,4,2,1,0,0,0,0,1,5,9,3,2,4,594,1;3;5,5,4,3,4,3,5,,,,,2
R076,1.4,4,1,2,5,2,0,1,0,1,0,3,2,5,1,1;2,3,1511,1;3,1,3,2,1,2,3,4,5,,,1
R077,0.9,1,1,3,4,3,0,0,0,0,1,2,4,6,2,3;4,4,754,1;3,4,4,3,3,1,2,,,,,2
R078,1.2,1,2,2,4,2,1,1,0,0,0,1,3,7,1,2;3,3,640,1;2,2,2,1,2,1,2,3,5,,,2
R079,1,5,2,4,5,2,1,1,1,0,0,3,4,8,2,4,4,2170,1;3;5,5,5,3,3,1,2,3,5,,,1
R080,0.8,3,1,3,3,4,0,0,1,0,0,1,4,9,2,1;2;3,3,273,1;4,3,3,3,3,1,2,3,,,,3
R081,0.8,4,1,3,3,4,0,0,1,0,1,1,3,3,3,1;2;3,2,406,1;2,2,3,3,4,5,,,,,,3
R082,1.1,2,1,4,3,3,0,1,1,0,0,3,4,6,2,1;2;3,4,649,1;3,4,5,2,5,1,2,4,,,,2
R083,1.3,2,1,3,4,3,0,0,1,0,1,1,4,9,1,1;2;3,3,633,1;2;3;4;5,5,4,2,3,2,3,4,5,,,2
R084,1,3,2,2,2,2,0,1,0,0,1,1,4,6,1,2,4,334,2;4,5,4,3,3,3,4,5,6,,,3
R085,0.9,5,2,4,4,3,1,0,1,0,1,2,4,7,2,2;3;4,3,1354,1,5,4,5,5,2,4,5,6,,,2
R086,0.6,5,1,1,3,2,0,0,0,0,0,,,,,,,,,,,,,1,3,6,,,,4
R087,0.7,2,2,3,6,4,1,1,0,0,0,3,4,9,2,1;2,4,3189,1;2;4;5,4,5,3,3,1,2,5,6,,,1
R088,0.9,2,1,5,5,3,0,1,1,0,1,2,5,10,2,1,5,1505,2;4;5,4,5,5,5,1,5,,,,,2
R089,1.5,4,1,3,5,3,1,0,1,0,0,3,4,7,1,1;2,4,1716,1;5,5,4,2,4,2,4,5,,,,1
R090,0.6,1,2,1,1,2,1,1,0,0,0,1,3,7,3,2,3,70,1;2,3,4,3,3,1,2,5,,,,3
R091,1,4,1,3,5,3,1,1,0,0,0,1,4,8,1,1;2,3,1040,1;2;3;4;5,3,3,2,3,5,6,,,,,2
R092,1.1,4,2,5,4,3,1,1,0,0,1,2,4,9,2,1;2;4,5,866,1,5,3,4,4,3,5,,,,,2
R093,1,3,2,1,3,1,1,1,1,0,0,3,5,7,3,4,4,1131,1;2;3,4,5,5,5,1,5,,,,,2
R094,1.2,3,2,3,5,4,0,1,1,0,0,2,4,9,2,1;2,5,1878,1;2;3;5,5,5,2,3,1,4,5,,,,2
R095,1.1,2,2,3,5,3,1,1,0,0,0,3,4,7,1,2,2,1651,1,5,3,4,5,1,2,5,,,,1
R096,0.8,2,1,2,3,3,0,0,0,0,0,,,,,,,,,,,,,1,2,5,6,,,4
R097,0.8,5,2,5,4,2,1,1,0,0,0,2,4,7,1,1;2;3,5,1190,1;2;3;5,4,4,5,5,1,4,6,,,,2
R098,1.3,5,2,3,4,4,0,1,1,1,0,3,5,8,3,3;4,5,1742,1;2;3;5,5,5,3,5,2,5,6,,,,2
R099,1.4,2,1,2,3,3,0,1,0,1,1,2,5,9,2,1;2;4,5,687,1;2;3;5,5,5,3,4,,,,,,,2
R100,0.8,1,1,2,3,3,1,0,1,1,1,3,4,9,2,1;4,5,979,1;4;5,3,3,2,5,2,5,,,,,2
R101,1.2,5,1,5,5,2,1,0,0,0,0,2,3,3,1,1;3,3,1259,4,2,3,2,4,1,2,4,,,,2
R102,0.7,1,2,2,4,2,1,1,1,0,0,3,5,7,2,1;2;3,4,1565,1,5,5,3,4,3,4,,,,,2
R103,0.6,4,2,1,1,1,1,0,0,0,0,1,4,6,1,1;2,3,203,1;3,4,5,2,5,5,,,,,,3
R104,1.2,4,1,1,1,1,0,0,0,0,0,,,,,,,,,,,,,2,5,,,,,4
R105,0.6,2,2,3,5,3,0,0,0,1,0,3,4,8,3,1;2;3,2,2353,1;3,3,4,5,4,1,2,4,5,,,1
R106,1.4,1,1,5,5,2,1,0,0,0,0,3,5,9,2,1;2,3,2094,1;5,4,4,4,5,1,4,6,,,,1
R107,0.8,4,1,4,5,3,0,1,0,0,1,3,4,9,3,1;2;4,5,3504,1;3,3,3,5,5,,,,,,,1
R108,1,2,2,4,6,4,1,1,0,0,0,3,5,8,1,1;2;3,5,4868,5,5,5,5,5,,,,,,,1
R109,0.6,4,1,5,3,1,1,1,0,0,0,1,1,2,1,1;2;3,2,468,3;4,2,1,1,1,1,4,6,,,,3
R110,0.9,3,1,5,5,3,1,0,0,0,0,3,3,4,1,1;3,2,3033,1;2;3;4,3,2,3,3,2,3,4,5,,,1
R111,0.6,5,2,4,5,3,0,0,0,0,0,,,,,,,,,,,,,1,2,4,,,,4
R112,1,3,2,3,3,4,0,0,0,1,0,2,5,8,3,1;2,4,706,1,5,4,5,5,1,2,4,,,,2
R113,1.4,1,1,2,4,3,1,1,0,0,0,3,4,5,2,1;2;3;4,2,1387,1;2;3,5,4,5,4,1,,,,,,2
R114,0.8,5,1,1,1,1,0,0,1,0,0,2,1,1,3,1;2;4,4,166,1,1,2,1,1,1,2,3,5,6,,2
R115,0.6,3,1,4,6,4,1,0,1,1,0,3,2,4,1,1;2;3,1,4854,2;4,2,3,1,1,1,2,4,,,,1
R116,1.3,3,2,4,3,3,0,0,1,0,0,2,4,8,2,1;2;3,5,893,2,3,5,2,5,3,4,5,,,,2
R117,1.3,5,2,2,3,1,0,1,0,0,0,2,4,9,2,2;3;4,4,925,1;3;4;5,3,4,4,3,1,2,5,,,,2
R118,1.1,1,1,3,3,4,1,0,0,0,0,2,4,5,2,1;4,5,686,2,3,3,4,3,1,2,,,,,2
R119,1.1,3,1,4,5,3,1,1,1,1,0,1,3,7,1,1,3,1327,5,4,3,4,2,1,2,3,,,,2
R120,1,5,2,2,4,2,1,1,0,1,0,3,4,8,3,1;2;4,5,1831,1;3,5,5,5,5,1,,,,,,2
R121,1.3,4,2,5,5,3,1,1,1,0,0,1,3,7,1,1,4,747,1;2;5,3,4,3,3,2,3,4,,,,2
R122,0.8,4,2,2,3,2,1,1,0,0,0,2,4,8,3,2,5,742,1;2;4;5,3,4,5,3,1,2,3,4,5,,2
R123,0.7,5,2,5,3,3,1,1,0,0,0,1,4,9,2,1;2;3;4,1,264,1;2;5,3,5,2,3,5,,,,,,3
R124,0.8,2,1,4,6,3,1,1,1,0,0,3,5,9,2,2,5,4044,3;4;5,4,5,4,5,1,2,5,,,,1
R125,0.8,4,2,1,2,1,1,0,1,0,0,1,4,6,3,2;3;4,4,208,1;2,3,5,2,4,1,2,,,,,3
R126,0.6,2,2,4,3,3,0,0,0,0,0,,,,,,,,,,,,,2,5,,,,,4
R127,1.1,1,1,4,4,3,1,0,1,0,0,2,4,6,2,2;3;4,4,1233,1,4,3,3,5,1,3,,,,,2
R128,1.1,5,2,4,4,3,1,0,1,0,0,2,3,5,1,1;2,2,943,3,4,4,2,3,1,,,,,,2
R129,1.4,3,2,2,5,3,1,0,0,0,1,2,3,5,2,1;2,4,2258,1;2;3,4,3,1,2,1,2,3,5,6,,2
R130,1.2,4,1,1,1,1,0,1,1,0,0,1,4,5,1,1,4,245,1;2,5,5,5,5,5,,,,,,3
R131,0.8,4,1,1,2,1,1,1,0,0,0,1,1,3,3,1;2;3;4,1,153,1;3;4,2,2,2,1,1,2,,,,,3
R132,1.4,3,2,5,5,2,1,1,0,0,0,3,3,3,1,2,2,2096,1;2;3,3,3,3,3,2,4,,,,,1
R133,0.7,1,2,4,3,3,0,0,0,1,0,1,4,8,1,2,3,486,1;3,3,5,2,4,1,2,3,4,,,3
R134,1.1,2,2,3,3,4,1,1,0,0,0,2,3,3,1,1;3,5,807,1,2,3,2,3,5,6,,,,,2
R135,1.2,4,2,2,3,1,1,0,0,0,0,2,4,9,3,1;2;3;4,4,581,1,4,5,3,4,5,,,,,,2
R136,0.8,5,1,5,3,2,1,0,1,0,0,1,2,1,1,1,2,463,1;2;4,1,3,3,1,1,3,,,,,3
R137,0.8,1,2,5,3,1,0,0,1,0,0,1,3,4,2,2,4,405,1;4,2,4,4,4,1,2,5,,,,3
R138,1.2,3,2,4,5,3,1,0,1,0,0,2,5,10,3,1;2;3;4,3,1458,2;3,5,5,4,4,1,2,3,6,,,2
R139,1.2,3,1,5,4,3,0,0,1,0,0,2,5,9,1,2,5,913,5,5,5,3,5,2,3,4,5,6,,2
R140,0.9,5,1,2,2,3,1,0,0,1,0,1,2,0,2,2;3;4,2,199,1;2;3,3,3,1,1,1,3,5,,,,3
R141,1.2,4,2,3,3,3,0,1,1,0,0,2,3,4,1,1,1,405,1;2;4,3,4,1,3,1,2,3,5,,,2
R142,1.2,3,2,5,4,1,1,0,0,1,0,2,4,9,1,1;3,4,1367,1;3,3,4,2,4,1,2,3,4,,,2
R143,1,1,1,2,5,2,0,1,0,0,0,3,5,9,2,1,2,3724,1;2;3;4,5,5,4,5,1,2,5,,,,1
R144,1.4,2,1,5,4,3,1,0,0,1,0,3,3,7,3,1;2;4,3,1252,1;3;5,4,4,3,2,2,3,,,,,2
R145,0.9,5,1,5,3,2,0,0,0,0,0,,,,,,,,,,,,,1,4,5,6,,,4
R146,0.7,1,2,4,3,4,1,1,0,0,0,2,5,8,2,,4,922,1,5,5,3,4,2,5,,,,,2
R147,1.3,1,1,3,4,4,1,1,1,0,0,3,4,8,1,1;2,5,1719,1;3,3,4,2,4,1,4,6,,,,2
R148,1.3,4,2,1,2,1,1,0,0,0,0,3,4,6,2,1;3;4,4,732,1;4,4,3,5,4,2,3,5,,,,2
R149,0.5,4,2,4,4,3,0,1,0,0,0,1,1,2,1,,1,376,1;2,2,2,1,1,2,3,5,,,,2
R150,0.6,1,2,5,3,2,0,1,0,1,0,1,3,7,3,1,3,456,1,3,4,4,3,3,4,5,6,,,3
R151,0.9,4,1,2,4,3,1,0,0,1,0,2,4,7,2,1;3;4,3,1209,1;2;3,4,3,3,4,1,2,5,,,,2
R152,1,1,2,5,4,1,1,0,0,0,0,3,4,5,2,1;2;3,3,1234,1;3;4,4,3,5,3,1,3,5,,,,2
R153,1,1,1,1,2,1,1,1,0,0,0,2,2,0,3,3,2,477,1;2,2,2,1,1,3,5,,,,,2
R154,1.3,3,1,2,3,2,0,1,1,1,0,2,2,4,2,1;2;4,2,419,3;4,3,1,1,2,1,2,3,,,,2
R155,1.3,4,2,3,4,3,0,1,0,0,0,1,4,8,1,1,4,461,2;3;4,4,4,5,4,1,2,3,5,,,2
R156,1.3,5,1,5,3,3,1,0,0,0,0,2,4,9,1,1;2;3,5,655,1;3;4,3,5,5,3,2,5,,,,,2
R157,1,1,1,5,5,1,0,1,0,0,0,3,1,1,2,1;2;4,1,2531,1,2,1,1,2,1,4,5,,,,1
R158,0.9,5,1,1,2,2,0,0,1,0,0,1,3,6,2,1;2;3;4,4,278,1;4,2,4,1,2,2,5,,,,,3
R159,1,4,2,5,5,2,1,0,0,1,0,1,3,4,2,1;4,1,1242,1;4,4,4,3,3,2,4,,,,,2
R160,1.3,1,2,5,3,1,1,0,0,0,0,3,5,9,1,1;2;3,5,777,1;2;3,5,4,5,5,1,2,4,5,,,2
R161,1.2,3,1,1,2,2,0,1,1,0,0,1,3,3,2,1;2;4,3,291,1;4,4,3,1,4,1,3,5,,,,3
R162,0.8,5,1,4,5,3,1,1,1,0,0,2,4,5,1,1;2,4,1506,1;2,5,5,3,5,,,,,,,2
R163,0.6,1,1,1,1,1,1,1,1,1,1,1,5,8,3,1;3,3,247,1;2;3;4,4,5,5,5,5,,,,,,3
R164,0.8,3,1,4,4,4,0,1,1,0,0,2,4,5,1,2,5,1267,1;2,3,4,3,5,4,,,,,,2
R165,1,5,1,5,4,3,1,0,0,1,0,2,4,8,1,1;3,4,673,2;3;5,4,4,3,3,4,5,6,,,,2
R166,0.7,3,2,1,3,1,1,1,0,1,0,3,4,8,2,2;4,2,1341,1;2,5,3,3,3,1,2,6,,,,2
R167,1.3,2,1,2,4,3,1,0,0,1,0,1,3,7,1,2,5,761,1;3,2,2,2,3,1,2,4,5,6,,2
R168,1.1,2,1,2,2,3,0,1,0,1,0,1,4,7,2,4,4,307,1;2,5,3,4,4,1,2,3,,,,3
R169,0.8,5,1,4,5,4,1,0,0,0,0,2,4,5,1,1;2;3,4,1751,1;3,4,5,2,3,4,5,,,,,2
R170,1.2,3,1,1,1,1,0,1,1,0,0,3,3,7,2,1;2,5,314,1;3;4;5,3,2,3,2,6,,,,,,2
R171,1.4,5,1,1,2,1,1,0,0,1,0,3,3,6,3,2;3;4,1,395,1;3,3,4,1,3,1,2,5,6,,,2
R172,1,3,2,2,4,1,1,0,0,0,1,2,4,8,1,,1,1135,2;3;5,5,5,3,5,1,4,,,,,2
R173,0.9,1,1,4,4,3,1,0,1,0,0,3,3,3,2,,4,2085,1;2;4,2,3,3,3,1,2,3,,,,2
R174,1.2,3,2,5,4,2,0,0,1,0,1,2,3,3,1,1;3,4,1235,1,3,3,4,3,2,3,4,,,,2
R175,1.3,5,2,4,4,4,1,0,0,0,0,2,5,9,1,1;2,5,602,1;4,4,4,4,4,1,2,3,4,5,6,2
R176,0.9,5,1,3,6,2,0,0,1,1,0,3,5,9,1,2,4,3350,1;5,5,5,5,5,4,,,,,,1
R177,1.1,4,1,4,4,3,1,0,0,0,0,1,4,5,3,1;2;4,2,747,1;3,4,4,4,4,3,5,,,,,2
R178,0.9,4,2,2,4,3,0,1,0,1,0,2,5,9,1,3,4,863,1;4;5,5,5,5,4,2,6,,,,,2
R179,1.1,1,1,3,4,3,1,0,1,1,0,2,1,2,2,2;3;4,2,886,1;3,2,1,1,1,2,5,6,,,,2
R180,1.1,3,2,3,3,3,1,1,0,0,0,1,3,5,3,1;2,1,405,1;2;3,3,3,2,2,1,2,,,,,3
R181,1.3,5,1,4,4,2,0,0,1,0,0,3,4,7,1,1;3,2,1946,1;2;3;4,3,3,2,4,2,3,5,6,,,2
R182,1.3,1,2,1,1,1,0,0,1,0,0,1,1,5,3,2;3;4,3,133,1,2,1,1,1,2,4,5,,,,3
R183,0.6,4,2,5,3,2,0,0,0,0,0,,,,,,,,,,,,,2,5,,,,,4
R184,0.8,3,1,1,1,1,1,1,0,0,0,1,4,6,3,4,1,217,1;4,4,4,2,5,3,5,,,,,3
R185,0.8,4,1,2,4,3,0,0,1,0,0,2,4,9,3,2;3;4,3,1100,1;2;3;4;5,5,3,3,4,2,3,,,,,2
R186,1,5,2,4,3,4,1,1,0,0,0,1,3,3,2,1;2;3;4,3,532,2;3,3,3,1,4,5,,,,,,3
R187,0.9,5,1,4,4,3,0,0,1,1,0,1,3,7,1,2;3,3,568,1;2;3;5,4,2,3,2,1,2,3,,,,2
R188,1.5,4,2,1,2,1,1,1,0,0,1,2,3,7,3,1;2;3,3,614,1;3;4;5,4,3,2,4,2,4,5,6,,,2
R189,1.2,5,2,4,3,4,1,0,0,0,0,2,4,8,2,1;4,3,617,3,5,4,2,5,1,2,3,,,,2
R190,0.8,4,2,1,2,2,1,1,0,1,0,1,1,2,2,1;2;4,1,173,1;2;3,1,2,2,1,1,3,4,5,,,3
R191,0.6,3,1,4,6,4,1,0,0,0,0,3,5,9,1,1;2,4,4518,4;5,4,5,5,5,1,2,,,,,1
R192,1.4,4,2,2,5,3,1,0,0,1,0,3,5,7,2,2;4,5,3013,1;3;5,5,5,5,4,3,5,,,,,1
R193,1.3,3,2,1,1,1,1,0,0,0,0,3,3,4,3,1;2,3,551,1;3,4,2,1,3,1,2,4,5,,,2
R194,0.6,2,2,3,4,4,1,0,1,0,1,2,3,6,3,2,4,1173,1;3,2,3,4,4,1,2,3,5,,,2
R195,0.7,4,2,4,3,4,0,0,1,0,1,3,4,7,2,1;2;4,5,851,2;5,3,4,5,5,1,2,5,,,,2
R196,1.1,1,2,2,3,2,0,0,0,0,1,2,3,6,2,1;3;4,3,708,2;3,2,3,1,3,1,2,,,,,2
R197,1,3,2,5,5,3,1,1,0,0,0,3,5,10,1,1;2;3,4,3089,3,5,5,5,4,3,4,6,,,,1
R198,1.1,2,2,5,5,2,0,0,0,0,1,3,4,7,1,1;3,4,2078,1;2;5,4,5,2,4,4,,,,,,1
R199,0.8,5,1,2,5,3,0,0,0,0,1,2,3,6,1,2,3,1215,1,4,4,2,3,,,,,,,2
R200,1.1,5,2,1,3,2,1,1,1,0,0,1,4,6,3,1;3;4,2,483,1;2,5,4,4,5,1,2,3,4,5,6,3
R201,1,5,2,3,4,2,1,0,1,1,0,1,4,7,2,3,3,447,1;3;5,3,3,5,3,1,,,,,,2
R202,1.2,4,2,5,5,2,0,0,0,1,1,2,4,6,3,1;4,4,1972,1;3;4,3,3,5,4,1,4,,,,,2
R203,0.9,1,2,1,1,2,1,0,0,0,0,1,3,7,3,1;4,4,200,1;3,2,3,3,3,2,3,4,5,6,,3
R204,1,2,2,5,5,3,0,0,0,0,0,,,,,,,,,,,,,2,5,6,,,,4
R205,1,1,2,2,3,1,0,0,0,1,0,3,4,7,2,1;4,2,915,1;3,3,5,4,3,4,5,,,,,2
R206,1.4,4,1,1,3,1,1,0,0,1,1,1,3,5,2,2;4,2,455,3,2,3,3,3,2,3,5,,,,3
R207,1.4,2,2,2,2,2,0,0,0,0,0,,,,,,,,,,,,,1,5,,,,,4
R208,1.2,4,1,4,3,4,1,0,1,0,0,2,4,7,2,,3,519,1;5,3,5,5,5,1,6,,,,,2
R209,0.6,5,2,4,5,4,0,1,1,0,0,3,3,3,3,1;2;4,3,3000,1;2,2,4,1,3,1,,,,,,1
R210,1.3,5,1,3,4,4,1,1,0,0,1,2,3,5,2,1;2;3;4,3,729,1;2;3,4,3,3,4,1,2,5,,,,2
R211,0.6,2,1,5,3,3,0,0,1,1,0,3,5,9,3,1;3;4,4,993,1;3,4,5,5,4,2,3,4,6,,,2
R212,1.1,5,2,1,3,1,1,0,0,0,0,2,4,9,2,3,3,742,1;2;3,4,5,4,5,1,2,3,,,,2
R213,1.3,1,1,2,5,2,0,0,0,0,1,3,4,5,1,1,4,1992,1;3,3,4,5,3,1,3,4,5,6,,1
R214,0.7,2,2,2,3,3,0,0,1,0,0,3,4,5,2,1;2;3,2,762,1;2;3,3,4,2,4,1,2,5,,,,2
R215,0.6,3,1,2,4,3,1,1,0,0,0,1,3,4,3,1;2;4,1,704,1;3;4,3,3,3,4,1,2,5,6,,,2
R216,1.3,5,1,3,3,4,0,0,0,1,0,3,5,9,2,3,4,804,1;2;5,5,4,3,5,1,2,5,6,,,2
R217,1.3,1,1,4,5,3,0,1,1,0,0,1,3,4,1,1;2;3,4,975,4,3,3,1,3,1,4,,,,,2
R218,0.7,1,2,5,4,1,0,0,0,1,0,3,3,7,3,3,1,2168,1;4;5,4,4,1,3,1,3,5,,,,2
R219,0.9,1,1,1,1,1,1,1,1,0,1,2,5,10,3,2;3;4,4,113,5,4,5,4,5,4,5,,,,,2
R220,0.6,4,1,4,4,2,1,1,0,1,1,3,4,7,2,1;2;3;4,4,1486,1;2;3;5,4,4,5,5,2,5,,,,,2
R221,1.1,2,1,1,1,2,0,0,1,0,0,1,3,4,2,2;3;4,5,163,3,3,3,3,2,3,4,,,,,3
R222,1.4,1,2,3,3,3,0,1,0,0,0,2,3,7,2,1;2;3;4,5,786,1;2;3;4,2,3,3,4,1,2,4,5,,,2
R223,1.1,5,1,2,3,1,0,1,1,1,0,3,4,7,3,1;2;3;4,2,1366,1;3;5,3,4,4,5,1,2,5,,,,2
R224,0.9,1,1,2,4,1,1,0,0,1,1,2,3,7,1,1;2,3,780,3;4;5,4,4,1,2,5,,,,,,2
R225,1,3,2,5,4,3,1,1,0,0,1,1,2,1,2,1,1,639,1;2;3;4,1,2,2,2,1,2,3,5,6,,2
R226,0.6,4,1,3,4,3,0,0,0,0,0,,,,,,,,,,,,,1,2,3,4,5,,4
R227,1.5,3,2,2,4,3,0,0,0,1,0,3,5,10,3,3,5,1291,1;3;4,5,5,5,5,2,3,6,,,,2
R228,0.8,4,1,3,3,4,0,0,0,0,0,,,,,,,,,,,,,1,5,,,,,4
R229,0.8,5,1,2,3,3,1,0,0,0,0,1,3,7,2,1;2,3,269,1;2;5,2,3,3,2,1,3,4,5,6,,3
R230,0.9,4,2,2,5,1,0,1,0,1,0,2,4,8,1,1;2;3,5,1851,1;2;3,5,4,5,4,1,2,3,,,,2
R231,0.9,3,2,5,5,3,1,0,0,0,0,3,3,3,1,2,2,1889,1;2;3,4,2,3,2,2,5,6,,,,1
R232,1.2,1,2,1,1,1,1,0,0,0,1,1,5,9,3,1;2;3,5,180,3;4;5,5,4,5,4,1,4,5,6,,,3
R233,1.3,1,1,4,5,4,1,0,0,0,0,1,1,3,2,2;3;4,2,597,1;3,2,1,1,1,1,2,3,5,6,,2
R234,0.9,5,2,4,3,3,1,1,1,0,0,1,4,9,2,1;2;3;4,5,282,1;3;4;5,4,5,5,5,3,4,,,,,3
R235,0.9,4,1,3,3,4,1,0,0,0,1,1,4,5,2,4,3,310,1;3,4,5,4,3,1,,,,,,3
R236,0.7,3,1,2,4,2,1,0,0,1,0,3,4,8,2,1;3;4,5,1072,1;2;3,3,3,2,4,2,4,5,6,,,2
R237,0.6,3,2,2,3,3,0,1,1,0,0,3,5,10,1,1,5,1134,1;2;3;5,5,5,5,4,1,3,5,,,,2
R238,1.5,3,2,4,6,4,1,0,0,0,0,1,5,10,3,1,5,1330,1,5,4,4,5,1,,,,,,2
R239,1.5,3,2,2,3,3,0,1,0,0,0,2,4,5,2,1;2;4,3,900,1,5,3,2,5,4,5,,,,,2
R240,0.6,3,1,2,4,1,0,0,0,0,0,,,,,,,,,,,,,1,3,4,,,,4
R241,1.3,2,1,2,2,1,1,0,0,0,0,3,3,5,1,1;2;3,2,824,1;2;4,4,2,1,2,2,,,,,,2
R242,1.4,4,2,5,4,1,0,0,0,0,0,,,,,,,,,,,,,1,2,3,4,5,,4
R243,1.5,2,1,5,3,2,0,1,0,0,0,2,4,5,3,3;4,1,851,1;2;3,3,4,5,4,5,6,,,,,2
R244,1.3,2,1,2,3,1,0,0,0,0,0,,,,,,,,,,,,,1,2,3,4,,,4
R245,1.4,1,2,1,1,2,0,1,1,0,0,1,2,4,3,1;3;4,3,82,1,3,3,3,1,1,2,3,4,,,3
R246,1.1,1,2,2,5,3,1,1,0,0,0,2,3,4,2,1;2;3;4,3,1377,1;2;4,3,2,1,4,1,2,4,,,,2
R247,1.5,2,2,3,5,3,1,0,1,0,0,3,2,1,3,2,1,1686,1,2,1,2,2,2,5,,,,,1
R248,0.6,5,1,3,4,3,0,1,1,1,0,3,1,5,3,1;4,5,2213,2;4,1,1,1,2,1,2,4,5,,,2
R249,1.2,3,1,4,5,4,1,0,0,0,0,2,1,0,1,1,1,2384,1;3,1,1,2,1,2,3,6,,,,2
R250,1,1,2,5,5,3,1,0,0,0,0,3,3,3,1,1;2,4,1817,1;3;4,2,2,1,4,1,3,6,,,,1
R251,1.2,1,2,5,4,2,1,0,0,0,0,1,4,6,1,1;3,2,659,1;2;4,4,4,5,5,2,3,4,5,,,2
R252,1.1,5,1,1,2,1,1,0,0,0,0,1,4,7,3,1;2;4,2,190,1;2;3,3,3,4,3,1,3,6,,,,3
R253,1,5,2,5,5,2,0,0,0,0,0,,,,,,,,,,,,,1,3,4,,,,4
R254,1.2,5,2,4,4,3,0,0,1,0,0,3,4,7,2,1;4,5,1727,1,4,5,2,4,1,2,3,4,,,2
R255,1,2,1,1,2,1,0,0,0,0,0,,,,,,,,,,,,,1,2,,,,,4
R256,1.2,5,1,1,2,2,1,0,0,0,0,2,4,9,2,1,3,466,1;3;5,3,4,3,5,3,5,6,,,,2
R257,1.5,5,2,2,5,3,1,0,0,0,0,1,1,3,1,1;2,1,933,1;2;3,1,1,2,1,1,3,5,,,,2
R258,0.9,2,2,1,3,1,1,0,1,0,0,1,2,1,2,3;4,2,486,1;3,1,2,3,3,4,,,,,,3
R259,0.7,2,1,3,4,4,0,1,0,0,0,2,4,8,1,1;2;3,5,954,1;3,5,5,3,3,2,4,5,6,,,2
R260,1.4,2,1,4,3,3,1,0,0,0,0,2,2,3,2,1;2;3;4,2,607,1;2,2,2,2,3,1,2,5,6,,,2
R261,1.2,1,1,3,4,4,1,0,1,0,0,1,2,5,2,1;2,2,784,1,2,1,1,1,1,2,,,,,2
R262,1.4,5,2,3,4,4,1,1,0,0,1,2,4,6,1,2,3,1005,1;3,5,4,5,4,2,3,6,,,,2
R263,0.8,5,2,5,4,2,1,0,0,1,1,1,1,1,3,1;2;4,5,492,1;2,1,2,1,2,1,3,6,,,,2
R264,1,3,1,3,3,4,0,0,0,1,0,2,4,9,2,2;3;4,5,768,1;3;4;5,4,3,5,3,2,5,,,,,2
R265,0.7,3,1,2,4,3,1,1,0,0,0,3,3,3,2,1;2,3,954,1;2,2,2,3,4,1,2,,,,,2
R266,1.1,4,1,2,2,3,1,0,1,0,0,2,2,1,1,1;2,1,586,3;4,1,1,1,2,1,3,,,,,2
R267,0.7,5,1,2,3,2,1,0,0,0,0,3,4,8,2,4,1,1537,1;2;3,4,3,2,5,1,3,4,5,,,2
R268,0.9,3,2,4,4,4,0,1,0,0,0,2,4,9,2,1;2;3,4,1448,1;3;4,3,4,5,3,2,3,,,,,2
R269,1.4,3,2,2,4,2,1,1,1,0,1,2,2,5,1,2,3,671,1;2;3;4,1,1,1,3,2,5,,,,,2
R270,1.1,3,2,4,5,3,1,1,1,0,0,2,3,6,2,1,5,1948,1;3;4,3,2,2,3,2,3,,,,,2
R271,0.9,4,2,3,5,3,1,1,0,0,1,2,4,7,1,1;2;3,4,1531,1;3;4,3,5,5,3,1,2,3,,,,2
R272,1.5,5,1,3,5,4,0,1,0,0,1,3,3,7,2,1;3;4,4,2000,1,4,2,3,3,2,3,5,,,,1
R273,1.5,4,1,2,5,3,1,0,1,1,0,2,5,7,1,1;2;3,2,2120,1;2;4;5,5,5,4,4,2,3,4,5,,,2
R274,0.8,2,2,3,4,3,1,1,0,0,0,1,5,7,2,1;3,4,463,2;5,5,5,5,4,1,6,,,,,2
R275,0.7,3,1,3,4,3,0,1,0,0,0,1,2,4,1,1;2,2,683,1;2;3,2,2,2,3,1,2,3,4,,,2
R276,1.4,4,1,3,3,2,1,0,1,1,0,2,4,6,3,1,4,873,1,5,5,4,3,1,2,3,5,,,2
R277,1.4,4,2,5,4,3,0,0,0,0,1,3,3,7,3,1;2;3;4,4,956,1;2;3;5,3,4,4,3,1,2,6,,,,2
R278,0.7,2,2,4,4,3,1,1,0,0,0,3,5,7,3,2,4,1861,1,5,5,5,4,1,2,3,4,5,6,2
R279,0.7,4,2,4,3,3,1,0,1,0,0,2,3,6,1,1,4,794,1;4,3,2,4,2,2,3,6,,,,2
R280,0.6,3,1,4,3,4,1,0,0,0,0,3,3,5,1,1;2,3,678,1;3;4,4,2,4,4,2,3,5,,,,2
R281,1.4,2,2,3,5,3,1,0,0,1,0,3,3,5,1,1;2,4,2230,1;2;3,2,2,4,3,4,5,,,,,1
R282,1,5,1,1,3,2,1,0,1,0,0,1,1,0,2,2;3,1,266,1;3,1,1,1,1,2,5,6,,,,3
R283,0.8,3,2,1,2,2,0,0,0,0,0,,,,,,,,,,,,,5,,,,,,4
R284,1,3,1,4,3,2,1,1,0,0,0,2,1,1,3,1;2;3;4,1,500,1;2;3,1,2,1,1,2,5,,,,,2
R285,1.3,5,1,5,5,2,1,1,1,0,0,3,4,5,1,1;2;3,1,1705,4,4,3,2,4,2,3,,,,,1
R286,1.1,3,2,1,2,1,1,0,0,0,0,1,3,7,1,1;3,5,268,1,2,4,1,3,2,3,4,5,,,3
R287,0.6,4,2,2,5,2,1,1,0,0,0,3,4,9,2,1;4,5,2148,1;3;5,5,5,3,5,1,3,4,5,,,1
R288,1.3,2,2,1,1,2,1,1,0,0,0,2,2,1,2,1;4,3,179,1,1,1,3,1,2,4,5,,,,2
R289,0.9,4,2,3,3,3,1,1,0,0,0,2,1,3,2,1;2;3;4,2,654,1;2;3;4,1,1,1,2,1,2,3,4,,,2
R290,1.2,4,2,1,1,2,1,1,1,0,0,1,1,1,3,2;3,1,162,1;2;3,2,1,2,1,1,4,6,,,,3
R291,1,3,2,5,3,3,1,1,0,0,0,2,4,5,1,2;3,3,646,1;2;3,5,4,5,3,1,2,4,5,6,,2
R292,1.2,2,2,4,3,3,1,1,1,0,0,1,2,5,2,2;4,2,434,1;4,1,1,2,3,1,5,6,,,,3
R293,1.5,1,2,2,3,1,1,0,1,0,0,1,1,2,3,1;2;3;4,3,242,1;2,2,1,1,2,1,3,5,6,,,3
R294,0.9,4,2,2,4,3,0,1,1,0,0,2,4,7,3,1;3;4,3,836,1;3,4,3,3,5,1,2,5,,,,2
R295,1.5,4,2,4,3,3,1,0,0,0,0,2,2,4,3,2;4,3,675,3;4,3,1,2,3,1,2,4,5,,,2
R296,1.5,5,1,2,4,2,1,0,0,1,0,3,5,10,2,1;2;3,4,1284,1;3;4;5,5,5,4,4,2,,,,,,2
R297,1.2,4,1,1,1,2,1,0,0,0,0,2,5,10,2,1;2;4,5,158,1;3,5,5,5,4,2,3,5,6,,,2
R298,0.8,2,2,5,5,2,0,1,1,0,0,3,4,6,1,2;3,5,3105,1;3,5,5,4,3,2,6,,,,,1
R299,1.4,1,1,2,2,1,1,0,0,0,0,1,4,6,3,1;4,3,172,1,3,4,2,5,1,2,5,,,,3
R300,1,3,1,2,4,2,0,1,1,0,1,1,2,0,2,1;2;3;4,3,829,1;3,2,2,1,1,1,5,,,,,2
R301,0.8,1,1,4,3,3,1,0,0,0,0,1,4,7,1,1,4,370,1;3,5,3,2,4,1,2,4,5,,,3
R302,1.1,3,1,2,3,3,1,0,0,0,1,2,4,5,3,1;2;4,4,530,1;2,3,3,2,3,6,,,,,,2
R303,0.6,4,1,4,5,3,1,0,0,0,0,3,3,3,2,1,3,1771,1;2;3,3,2,3,3,4,5,,,,,1
R304,1.2,1,1,3,6,3,0,0,0,0,0,,,,,,,,,,,,,1,2,4,,,,4
R305,1.5,5,1,1,1,1,1,1,0,0,0,1,3,3,2,2,3,217,1;3,3,2,1,3,2,3,5,6,,,3
R306,0.5,4,1,4,4,4,0,0,0,0,0,,,,,,,,,,,,,2,4,5,,,,4
R307,1.3,5,2,4,5,4,0,0,0,0,0,,,,,,,,,,,,,2,,,,,,4
R308,1.3,4,2,2,2,1,0,1,1,0,0,1,3,5,2,1;4,2,340,1;2;3,3,2,3,3,2,5,,,,,3
R309,1.3,5,2,1,2,1,1,0,1,1,0,2,3,3,2,1;2;3;4,2,418,1,2,4,2,3,1,2,3,4,5,,2
R310,0.8,4,1,4,5,2,0,1,0,0,0,3,4,6,1,1;2,2,2434,1;3,4,3,5,5,1,3,5,6,,,1
R311,1,2,2,5,4,3,1,0,0,0,0,3,4,6,2,3;4,5,1985,1;3,5,3,4,5,1,2,4,,,,2
R312,1.1,5,1,4,5,4,0,1,1,0,0,1,3,4,3,2;3;4,3,1234,1;2;3,2,2,4,3,1,2,5,,,,2
R313,1.4,3,1,1,1,2,0,0,0,0,0,,,,,,,,,,,,,,,,,,,4
R314,1,2,1,5,4,2,1,1,0,0,0,1,3,3,2,2;4,2,584,2,4,2,4,4,1,3,4,5,,,2
R315,1.4,4,2,2,5,2,0,0,0,0,1,2,4,6,1,,4,1010,2;3,4,5,5,5,1,2,6,,,,2
R316,0.8,4,2,3,3,2,0,0,0,0,0,,,,,,,,,,,,,1,2,3,,,,4
R317,1.3,1,2,1,2,2,1,0,0,0,1,2,1,1,3,2;3;4,2,361,1;2,2,2,1,1,1,2,5,,,,2
R318,1,5,2,5,3,1,0,0,0,0,0,,,,,,,,,,,,,1,5,6,,,,4
R319,0.6,3,2,4,4,4,1,1,1,0,0,3,4,8,2,1;2;3;4,5,1485,1;2;3;5,4,4,2,4,1,2,4,5,6,,2
R320,0.8,2,1,1,3,1,1,1,0,0,1,3,5,7,2,1;2;3;4,4,1402,1;2;3,4,4,3,4,2,5,,,,,2
R321,1.3,1,1,2,2,3,1,1,0,0,0,1,3,6,1,2,2,349,1;3,4,4,1,3,1,2,3,5,,,3
R322,1.4,1,1,4,4,3,1,1,1,0,0,2,4,5,2,1;2;4,4,731,1;4,3,3,5,5,1,2,,,,,2
R323,0.8,2,1,4,4,3,1,1,0,0,1,2,4,8,2,1;3,4,1490,1;2,3,5,2,3,1,3,5,,,,2
R324,0.9,5,2,2,4,2,1,1,1,0,0,2,4,7,2,1;2,5,983,1,3,3,5,3,1,2,5,,,,2
R325,1.1,2,1,5,4,1,1,1,0,0,0,1,2,2,3,2;3,2,522,1;2;3;4,1,2,1,2,2,5,,,,,2
R326,0.7,5,2,5,4,2,0,0,1,0,1,1,4,7,1,2,3,627,1;2;3;5,4,4,4,5,1,2,4,5,,,2
R327,1.3,3,1,4,4,3,0,0,0,0,1,2,4,7,2,1;2,3,850,2;3;4,4,3,4,4,2,3,,,,,2
R328,1.4,3,2,1,3,2,0,0,0,0,0,,,,,,,,,,,,,4,5,,,,,4
R329,0.6,2,1,2,2,3,1,0,1,0,0,3,4,5,2,1;4,5,701,1,3,3,3,5,1,2,3,,,,2
R330,1,1,2,3,4,2,0,1,0,1,0,1,1,2,2,4,1,440,2,1,2,1,1,1,3,4,5,6,,2
R331,1.2,2,2,2,3,2,1,0,0,0,0,2,4,6,1,2,3,748,1;3,5,5,4,3,2,3,4,,,,2
R332,1.1,2,2,2,3,2,0,0,1,1,0,3,3,6,2,1;2;4,4,831,1;3,4,3,4,2,1,2,3,5,,,2
R333,1.1,2,1,4,4,3,1,1,1,0,0,2,4,9,3,1;2,4,1284,1;2;3;5,3,4,4,3,1,5,,,,,2
R334,1,3,1,4,3,2,1,1,0,0,0,1,5,10,1,2,5,508,3,5,4,4,5,1,2,3,5,,,3
R335,0.7,4,1,2,2,1,1,1,0,0,0,1,4,5,2,2;3;4,2,169,1;3,3,4,3,5,3,,,,,,3
R336,1.1,1,2,4,4,3,0,0,0,0,0,,,,,,,,,,,,,2,5,,,,,4
R337,1.1,1,1,1,1,2,1,0,0,0,1,1,2,3,2,1;2;3;4,2,67,1;2;3,3,1,1,2,2,3,4,5,6,,3
R338,1,2,2,4,5,3,1,0,0,0,0,3,2,2,1,1,3,2858,1;2,2,1,1,3,1,5,6,,,,1
R339,1.3,2,2,3,4,3,0,1,0,1,0,2,4,6,1,1,4,791,1;4,4,5,4,3,1,2,3,4,5,,2
R340,1.4,4,2,5,4,1,1,1,1,0,0,3,3,4,2,1;2,3,2060,1;3,3,3,4,2,1,2,5,,,,2
R341,0.9,3,2,2,3,2,0,1,0,1,1,2,5,10,2,1;2;4,5,665,1,5,4,5,5,2,4,,,,,2
R342,0.6,1,2,4,5,4,1,1,0,1,1,2,4,9,3,1;4,4,2219,1;3,4,5,3,3,1,3,6,,,,2
R343,1,2,2,1,3,1,1,0,0,0,0,2,2,4,3,3,1,709,1,1,2,2,3,,,,,,,2
R344,0.5,1,2,4,5,4,1,0,0,0,0,1,4,9,2,1;2;3;4,5,1123,1;3;5,3,4,4,4,2,4,5,6,,,2
R345,0.9,2,1,5,3,1,1,1,0,1,0,2,3,5,1,2,4,545,1;2;3,3,3,4,3,2,3,4,,,,2
R346,1,3,2,4,4,4,1,1,0,1,0,1,2,4,3,3;4,4,392,3;4,1,2,1,2,4,,,,,,2
R347,0.7,5,1,1,2,1,0,1,0,0,0,2,3,7,2,1,5,318,1;2;3;5,4,2,3,4,1,2,5,,,,2
R348,1.4,5,2,3,4,3,1,0,0,1,0,2,4,5,1,1;2,3,1097,2;4,4,5,4,5,1,5,,,,,2
R349,1.2,4,2,2,3,3,1,0,1,0,0,1,2,1,1,1;2,1,360,1;3;4,2,1,1,3,2,,,,,,3
R350,0.8,3,1,3,4,4,1,1,0,0,0,2,3,6,1,2;3,4,813,1;2;4,4,3,3,3,1,2,3,,,,2
R351,0.8,5,2,3,3,3,1,0,0,0,1,2,4,8,1,2;3,2,549,1;3;4,4,5,5,3,2,5,,,,,2
R352,0.5,5,2,5,4,1,0,1,0,0,0,3,5,10,2,1;2;3;4,3,2010,1;3;5,5,4,3,5,1,2,,,,,2
R353,1.2,5,2,3,4,3,1,0,0,0,0,3,3,6,2,4,3,1831,2;3;4,4,3,4,4,5,,,,,,2
R354,0.7,5,2,1,1,1,0,0,0,0,0,,,,,,,,,,,,,1,,,,,,4
R355,1,2,1,2,3,1,0,1,1,0,1,3,5,8,1,1;3,5,1235,1;3;5,5,5,4,5,1,2,3,6,,,2
R356,1,2,1,2,4,1,1,0,1,1,0,3,4,7,2,2;3;4,5,1090,3;5,5,3,5,4,1,5,,,,,2
R357,1,2,1,2,4,1,1,0,1,0,0,2,4,8,1,,5,763,3;4;5,4,4,4,3,2,4,,,,,2
R358,0.6,1,2,5,4,1,1,1,0,1,0,2,3,7,2,3;4,5,798,1;2;5,4,4,2,2,1,2,4,5,6,,2
R359,0.7,4,2,5,3,1,0,1,0,0,0,2,5,8,2,1;2,5,790,1;2;3;4;5,4,4,5,5,1,2,4,,,,2
R360,0.9,4,2,2,3,2,0,0,0,0,0,,,,,,,,,,,,,1,2,5,6,,,4
R361,0.5,3,2,1,3,1,1,1,0,0,1,3,3,5,2,1;3,3,1026,3,2,2,3,4,2,,,,,,2
R362,1.1,2,1,3,3,4,0,1,0,0,0,3,4,6,1,3,5,1412,1;2;4,3,4,4,3,4,5,6,,,,2
R363,0.9,2,1,4,5,3,1,0,1,0,0,3,3,7,3,1;2,1,1992,1;3;4;5,2,4,4,2,1,4,5,,,,1
R364,0.7,4,2,1,2,1,0,0,0,0,0,,,,,,,,,,,,,1,5,,,,,4
R365,1.3,4,2,4,3,2,0,0,0,0,0,,,,,,,,,,,,,2,3,4,,,,4
R366,0.6,5,2,2,4,3,0,0,0,0,0,,,,,,,,,,,,,3,,,,,,4
R367,1.1,1,1,1,3,1,0,0,0,0,1,2,3,6,2,1,4,802,1;2,3,3,1,4,1,3,5,,,,2
R368,1.1,3,2,1,1,1,0,1,0,0,0,2,4,6,3,2,4,208,1;3,5,4,3,4,1,4,5,,,,2
R369,0.8,2,1,3,3,3,1,0,1,0,0,2,2,0,1,1;3,1,741,1;2;3,3,2,1,2,2,3,,,,,2
R370,1.1,4,1,2,3,1,1,1,1,1,0,3,4,9,3,1;2;4,4,1509,1;5,4,4,3,4,2,4,,,,,2
R371,1,5,1,1,3,2,1,1,0,0,0,3,4,9,3,1;2;4,4,1108,2;3;5,4,4,3,3,2,,,,,,2
R372,1.5,5,2,4,5,4,1,0,0,0,0,3,5,10,1,1;3,1,1848,1;2,5,4,4,4,5,,,,,,1
R373,1.2,1,2,1,1,1,0,0,0,0,0,,,,,,,,,,,,,1,2,3,5,6,,4
R374,1.1,3,2,2,3,3,1,0,0,1,0,3,2,2,1,1;3,1,805,1,1,3,3,1,3,5,,,,,2
R375,0.9,2,2,2,4,3,1,0,0,0,1,3,5,7,2,1;2;4,4,2128,3;5,4,5,3,5,1,2,6,,,,2
R376,1.2,1,2,5,3,2,1,0,0,0,0,2,3,5,1,2,3,543,1;2;3,3,3,3,4,2,3,5,,,,2
R377,0.5,5,1,3,5,3,1,1,0,1,0,3,5,8,2,1;2;3;4,3,2423,1;2;3;5,5,4,3,5,1,2,,,,,1
R378,0.7,2,2,4,3,2,0,0,0,0,0,,,,,,,,,,,,,2,5,,,,,4
R379,1.3,4,2,4,4,4,1,0,0,0,0,2,4,6,1,1;2,2,1109,2,4,4,4,4,2,6,,,,,2
R380,1,1,2,2,2,3,1,1,0,1,0,2,3,7,2,2,4,364,1;2;3;4,3,2,3,3,1,3,4,5,6,,2
R381,1.4,2,1,3,5,3,1,1,0,0,1,3,2,5,1,1;2,3,2584,1;2;3,3,1,3,3,1,2,5,,,,1
R382,1.4,4,2,3,5,3,1,0,1,0,0,2,5,10,2,1;2;4,5,1642,1;2;4;5,5,5,4,5,1,3,,,,,2
R383,1.2,4,2,4,4,3,1,0,1,0,0,3,5,9,3,1;3,3,1183,1,5,4,4,4,1,5,,,,,2
R384,1.5,1,1,4,4,3,0,0,0,0,0,,,,,,,,,,,,,1,2,3,,,,4
R385,0.5,5,1,1,3,1,0,1,0,0,0,1,2,1,2,1;3,2,357,1;2;3,1,1,3,1,3,5,,,,,3
R386,0.5,2,1,2,5,1,0,0,0,0,0,,,,,,,,,,,,,2,5,6,,,,4
R387,0.6,4,2,3,6,4,1,1,0,1,0,3,4,7,1,3,5,3631,3;5,4,5,2,4,1,2,5,,,,1
R388,1,3,1,3,5,4,1,0,1,0,0,3,1,3,1,1;2,1,2735,1,1,1,1,2,1,2,3,4,5,,1
R389,0.6,3,1,1,3,2,1,1,1,0,0,3,1,0,2,1;3;4,4,1422,3;4,2,1,1,2,2,4,5,,,,2
R390,0.7,2,1,1,1,1,0,0,0,0,0,,,,,,,,,,,,,2,5,6,,,,4
R391,0.7,2,2,2,5,2,1,0,1,0,0,2,3,7,1,1;3,3,1786,1;4,2,2,1,3,1,5,,,,,2
R392,1.4,4,1,1,1,2,0,0,0,0,0,,,,,,,,,,,,,1,2,5,,,,4
R393,0.9,5,1,2,4,1,1,0,0,0,0,2,5,10,1,2,5,902,2;3,4,4,4,4,1,2,3,4,5,,2
R394,1,3,2,2,3,3,1,0,0,0,0,1,5,10,2,1;2;3;4,4,512,1;5,4,5,5,5,6,,,,,,3
R395,1.2,4,2,4,3,4,0,0,0,0,0,,,,,,,,,,,,,1,2,,,,,4
R396,0.7,5,1,5,4,3,1,0,1,0,0,1,3,7,2,1;4,3,786,1;3;5,2,4,1,3,1,,,,,,2
R397,0.6,3,1,2,5,2,0,0,1,0,0,3,4,5,1,1;2;3,4,2729,1;3,5,3,5,4,1,2,3,5,6,,1
R398,1.1,2,2,1,1,2,1,1,0,0,0,2,3,5,3,3,1,328,1;2;3;4,2,2,2,4,1,4,5,,,,2
R399,1.3,4,2,5,3,2,0,0,1,1,0,3,5,8,1,1;2;3,5,820,1;5,5,5,5,5,2,,,,,,2
R400,0.7,5,1,1,1,1,1,1,1,0,0,2,3,4,3,3;4,3,193,1;2;3,3,2,3,3,1,5,6,,,,2
R401,0.7,1,2,1,2,2,1,0,0,0,0,2,3,3,3,1;4,1,241,1;2;3,4,3,4,3,2,5,,,,,2
R402,0.5,2,1,5,3,1,1,1,1,1,0,3,5,7,1,1;2;3,5,669,1;2;3;4;5,5,4,3,5,3,5,6,,,,2
R403,1.1,1,1,4,5,3,1,0,0,0,0,1,4,5,1,1;2;3,1,674,1,3,4,2,5,1,3,5,,,,2
R404,0.7,5,2,5,5,2,0,1,0,0,0,2,3,5,2,1;2;4,3,1750,1;2,3,4,4,3,2,3,4,,,,2
R405,1.5,4,1,1,1,2,1,1,0,0,0,2,5,8,3,1,4,336,1;4;5,5,5,5,4,1,3,5,,,,2
R406,0.7,2,2,4,5,4,1,1,0,0,0,3,5,7,1,3,5,2760,1;2;4;5,4,4,4,5,1,2,5,,,,1
R407,0.9,5,2,3,4,3,1,0,0,1,0,1,3,3,1,1,4,642,1;2,2,3,1,3,2,3,4,5,,,2
R408,1.5,1,2,4,5,3,1,1,0,0,0,2,1,1,2,1;2;4,1,1623,1;4,2,1,2,1,2,3,4,5,6,,2
R409,0.9,2,1,2,3,1,0,0,1,0,0,1,4,9,3,1;2,3,261,3,4,3,4,5,2,3,6,,,,3
R410,0.7,1,2,3,4,3,0,1,1,1,0,1,4,9,2,1;2;4,4,639,1;2;5,5,3,2,5,2,3,5,,,,2
R411,0.7,4,1,2,4,2,1,0,0,0,1,2,5,8,3,1;2;4,4,1347,1,4,5,5,4,1,3,6,,,,2
R412,0.9,2,2,5,5,2,0,0,1,0,0,1,3,6,1,1;3,4,1006,1,4,4,3,3,2,,,,,,2
R413,1.5,5,1,4,4,4,1,0,1,0,0,3,4,6,2,4,3,1514,1;2;3,5,3,4,3,2,4,,,,,2
R414,1.3,2,1,3,4,3,0,1,0,0,0,2,3,7,2,1;2;3;4,3,1275,1;2;5,4,4,3,4,2,3,,,,,2
R415,0.6,4,2,4,4,2,0,0,1,1,1,2,2,0,3,1;2;4,1,1035,1;2;3;4,3,3,2,3,1,2,3,6,,,2
R416,0.6,4,1,5,4,3,0,0,1,0,1,3,3,6,2,3;4,4,1698,1;2;3;4,2,3,4,3,1,5,,,,,2
R417,0.8,2,2,4,5,3,1,0,0,0,0,3,4,8,1,1;2;3,4,2755,1,5,5,2,4,2,5,,,,,1
R418,0.8,4,2,1,2,1,0,1,1,1,0,2,4,6,3,2;4,5,303,1;2;3;4,3,4,3,4,1,3,4,5,6,,2
R419,1.5,1,1,5,4,3,0,1,0,0,0,1,4,6,2,1;3,4,831,1;3,3,3,4,3,2,3,5,6,,,2
R420,1.1,1,2,2,4,1,1,0,0,0,0,3,3,7,3,1;2;3;4,4,2174,1,4,3,4,3,2,6,,,,,2
R421,0.9,5,2,3,3,4,1,1,0,0,0,3,5,10,3,4,4,705,2;3;5,4,5,4,5,2,3,5,,,,2
R422,0.6,3,2,4,5,4,1,0,0,1,0,3,2,2,1,2,1,3281,1;2;3;4,2,2,3,2,2,3,5,,,,1
R423,1.2,4,2,5,3,3,1,1,0,0,0,2,3,5,1,2,2,465,1;3,3,2,4,4,3,5,6,,,,2
R424,1.4,4,1,2,3,3,1,1,0,0,0,3,5,9,2,1,4,792,1,4,4,3,5,1,2,,,,,2
R425,0.7,5,2,3,3,2,0,0,1,0,0,2,4,8,2,1;2;3;4,4,903,1;3;5,4,4,2,4,2,3,5,,,,2
R426,0.7,5,1,4,4,3,0,1,0,0,0,1,1,5,1,1;2;3,4,811,2;3;4,1,2,1,2,2,4,5,,,,2
R427,1.3,1,1,2,4,3,1,1,1,0,1,2,2,3,2,1;4,2,1248,1;2;3,2,2,2,2,,,,,,,2
R428,0.5,3,1,2,3,3,1,0,1,0,1,3,4,7,2,1;3;4,4,1459,1;2,4,3,5,3,1,2,5,,,,2
R429,1.2,4,2,3,4,4,0,0,0,0,0,,,,,,,,,,,,,1,3,4,5,,,4
R430,1.1,3,1,1,3,1,0,0,0,0,0,,,,,,,,,,,,,5,,,,,,4
R431,1.4,5,1,2,2,3,0,1,0,0,0,3,3,3,2,2,1,607,1;3,3,3,2,3,2,3,,,,,2
R432,0.5,5,2,4,4,3,0,1,0,0,0,3,4,9,3,1,5,2263,1;3;5,3,3,5,5,2,4,5,,,,2
R433,1.2,2,2,1,1,2,1,1,1,1,0,2,3,5,2,1;2;3,4,110,1;4,2,2,4,3,1,5,,,,,2
R434,0.9,3,1,3,5,3,1,0,0,0,0,3,5,7,1,1;2,3,2491,3,5,4,4,4,2,,,,,,1
R435,1.4,4,2,4,4,3,1,1,0,1,0,2,3,3,3,2;4,3,732,1;3,2,4,1,4,1,2,4,6,,,2
R436,0.8,3,1,3,5,4,0,0,0,0,0,,,,,,,,,,,,,2,3,4,5,6,,4
R437,1.3,2,1,3,3,4,1,1,0,0,1,1,3,7,3,2,5,390,1;2;5,3,2,3,3,2,3,5,,,,3
R438,0.7,1,2,3,4,2,0,0,1,0,0,3,4,5,2,1;2;4,5,2080,2;3;4,5,3,5,5,1,2,,,,,2
R439,0.8,2,2,5,4,2,1,0,0,0,0,1,2,4,1,1;2;3,3,473,1;3;4,1,3,1,3,1,3,4,5,6,,2
R440,0.6,1,1,4,3,3,0,0,0,0,0,,,,,,,,,,,,,4,6,,,,,4
R441,0.9,3,1,2,3,3,1,1,1,0,0,3,4,6,2,2;3;4,1,1350,1;3;4,3,5,4,4,2,5,,,,,2
R442,1.1,4,2,2,5,2,1,1,0,0,1,3,4,7,2,1;2;4,3,2523,1,3,5,5,5,1,3,,,,,1
R443,1.2,1,2,2,3,3,1,0,1,1,0,3,4,9,2,1;4,5,925,1;2;3;5,3,3,3,3,1,2,6,,,,2
R444,0.9,5,2,2,3,1,1,1,0,1,0,2,3,4,1,3,2,711,1;3,4,2,1,3,2,4,5,,,,2
R445,0.9,5,2,1,2,1,1,0,1,1,0,1,2,1,3,1;2;3,1,238,1;2;3;4,3,1,2,3,,,,,,,3
R446,1,2,2,4,3,3,0,0,1,0,0,1,2,1,2,1,2,561,1,1,3,1,2,1,4,5,6,,,3
R447,1,1,1,4,4,4,1,0,0,1,1,3,4,5,2,1,2,1264,1;2,5,5,2,3,2,4,5,,,,2
R448,0.6,2,1,4,4,4,0,0,1,1,0,2,4,5,2,1;2;3,1,1247,1;3,3,3,4,3,4,5,,,,,2
R449,1.1,1,2,5,4,1,0,1,1,0,0,1,5,9,3,1;2,4,625,1;3;5,5,4,5,5,1,2,4,5,,,2
R450,1.2,2,2,3,4,2,1,1,0,1,0,3,4,7,2,1;2;3;4,4,1943,1;2;3,5,4,4,3,5,6,,,,,2
R451,0.8,1,2,1,3,2,1,0,0,0,0,3,5,8,2,1;3;4,5,798,1;2;3;4,5,5,5,5,1,2,5,6,,,2
R452,1,2,2,2,3,3,1,1,0,1,0,3,4,8,1,2;3,5,776,1;3;5,5,3,2,4,1,2,3,4,,,2
R453,1.1,5,1,2,4,2,1,1,0,0,0,2,4,5,2,1;2,3,876,1;3,4,5,4,5,1,5,,,,,2
R454,0.7,4,2,1,2,1,1,0,1,1,0,1,2,3,3,,2,274,1,3,3,1,1,2,3,,,,,3
R455,1.4,4,1,5,3,2,1,1,0,0,0,2,5,7,3,,4,753,1;2;3;4;5,5,5,5,4,2,3,,,,,2
R456,0.7,4,1,2,4,1,1,1,1,0,0,1,2,0,2,2;4,3,600,1;2;3,2,3,1,3,2,3,5,6,,,2
R457,0.9,2,1,5,5,1,1,0,0,0,0,1,5,8,1,1;2,4,1130,1;3;5,5,5,4,5,1,2,3,5,6,,2
R458,0.8,5,1,5,5,3,1,0,0,0,0,2,3,5,2,1;2;3,1,1098,3;4,4,2,1,4,4,,,,,,2
R459,1.3,5,2,5,4,1,1,0,0,0,0,2,5,10,1,1;2,4,1365,1;2;3;4,5,5,4,4,2,5,,,,,2
R460,0.9,4,2,5,4,3,0,0,0,0,1,3,5,7,2,1;2,4,1844,1;3;4,4,5,3,5,5,6,,,,,2
R461,1.3,5,2,3,3,4,1,0,0,1,0,1,3,7,2,1;2;4,4,341,5,3,2,3,2,2,3,,,,,3
R462,1.3,3,1,1,3,1,1,0,0,0,0,2,5,7,3,2;3,5,607,2;5,5,5,3,5,2,4,5,6,,,2
R463,1.1,5,1,5,5,2,1,1,0,0,0,2,4,8,1,2;3,4,1906,1;2;3;4,5,5,5,4,5,,,,,,2
R464,1.5,1,2,5,4,1,1,0,1,1,0,2,5,8,2,2;4,1,795,1;2;3;4;5,5,5,5,4,1,2,5,,,,2
R465,1.5,5,2,3,4,2,0,1,1,0,0,3,3,5,1,1;2,4,1601,1;2;3,4,4,2,2,1,,,,,,2
R466,0.9,2,1,2,3,3,1,1,0,0,0,2,4,6,3,1;4,4,552,1;3,4,5,5,4,5,,,,,,2
R467,1.3,2,2,5,5,1,1,1,0,1,0,2,4,7,2,1;2;4,4,2309,3;4;5,5,3,2,5,1,2,,,,,2
R468,0.8,5,2,2,3,3,1,1,1,0,1,2,1,4,2,1;3,3,528,1;2,2,2,1,2,1,2,,,,,2
R469,1.4,1,2,1,1,1,1,1,1,0,0,1,3,5,2,1,3,222,1;3,3,4,2,2,1,2,,,,,3
R470,1.3,5,1,4,4,4,1,0,0,0,0,3,4,9,2,1;2;4,5,1317,1;2;3;5,5,4,3,3,1,3,6,,,,2
R471,1.4,5,2,4,5,3,1,0,0,1,0,2,4,7,1,,3,1665,2;4,4,5,4,3,1,5,,,,,2
R472,0.5,4,2,4,6,3,1,0,0,0,0,2,4,5,3,3,5,2717,1,4,3,2,4,1,2,3,5,,,2
R473,1.3,1,1,2,3,3,1,0,0,1,0,3,2,4,1,,1,1494,1;3,3,1,3,3,1,3,5,6,,,2
R474,0.8,5,2,4,3,2,0,0,0,1,0,3,4,8,2,1;3,4,1344,1;5,4,5,4,3,2,4,5,,,,2
R475,0.5,3,1,2,5,1,1,1,0,0,0,1,2,5,3,,1,585,1,3,1,1,2,1,,,,,,2
R476,1.4,4,1,4,6,4,1,0,0,0,0,2,4,6,1,1;3,3,2101,1;2,3,5,3,3,2,,,,,,2
R477,0.6,5,1,1,1,1,1,1,1,0,0,1,2,3,2,3;4,1,194,1;2,2,1,1,2,1,2,,,,,3
R478,0.7,5,1,1,1,1,1,1,0,1,0,1,4,6,3,1,3,105,3,3,3,5,4,2,4,6,,,,3
R479,1.1,2,2,3,5,3,0,1,0,0,0,2,4,8,1,2,4,1646,1;3;5,4,5,5,3,1,2,3,4,5,,2
R480,1.3,4,2,1,1,2,1,0,0,0,1,1,4,5,1,1,2,109,2;3,5,4,5,4,,,,,,,3
R481,1.3,2,2,1,3,2,0,1,1,0,0,2,2,4,3,1;2;3,2,544,1;3,3,3,1,3,4,5,,,,,2
R482,0.5,5,1,1,2,1,1,0,1,0,1,3,3,3,3,2;3,4,762,1;2;3,4,2,1,2,1,2,4,6,,,2
R483,0.7,2,2,5,5,3,1,0,1,0,0,2,4,6,1,,2,1474,1;2;3,5,3,4,3,2,3,5,6,,,2
R484,0.9,5,1,3,6,3,0,0,0,1,0,3,4,7,1,1;2;3,2,3589,1;3;5,4,3,3,3,1,2,4,5,,,1
R485,0.7,1,2,1,1,1,1,1,0,1,0,3,4,9,1,1;2;3,4,238,1,3,5,4,3,1,2,5,,,,2
R486,0.6,4,2,4,5,3,1,0,0,0,0,2,3,6,2,1;3;4,1,1181,1;3;4,4,3,2,2,1,2,5,6,,,2
R487,0.5,1,1,3,4,2,0,0,0,0,0,,,,,,,,,,,,,1,2,3,5,6,,4
R488,1,1,2,3,6,4,1,1,1,1,1,2,3,7,2,1;4,3,2386,1;4;5,3,3,4,3,1,2,3,4,5,6,2
R489,0.9,4,1,1,1,1,1,0,0,1,1,1,3,6,3,1;2;3,4,238,1;3,4,4,3,4,1,2,4,6,,,3
R490,1.3,5,1,5,3,3,0,1,0,0,0,2,3,7,2,1;2,2,843,1;2;3;4;5,3,2,2,2,2,3,5,,,,2
R491,1.2,3,1,5,4,1,0,1,0,0,0,1,3,7,2,3;4,4,790,1;4,4,2,2,3,,,,,,,2
R492,0.5,4,1,1,1,1,0,0,0,0,0,,,,,,,,,,,,,1,3,5,,,,4
R493,1.4,5,1,2,4,2,1,0,0,0,0,2,3,3,2,1;2;4,2,1177,3;4,4,3,1,4,,,,,,,2
R494,1.2,2,2,5,5,1,1,0,0,0,0,1,1,2,1,1;3,2,716,1;4,1,2,1,1,2,,,,,,2
R495,1.4,4,1,3,4,4,0,1,0,0,0,2,4,5,1,1;2;3,3,870,1;3,5,4,4,5,2,,,,,,2
R496,1.5,4,1,5,3,2,1,1,0,0,0,1,1,0,1,1;3,3,439,1;4,1,2,2,1,1,2,4,5,6,,3
R497,1.3,3,2,5,4,2,0,0,0,0,0,,,,,,,,,,,,,1,2,,,,,4
R498,1.3,3,2,1,3,1,1,0,0,0,1,2,4,9,2,,5,826,2;3;5,3,3,4,5,1,2,3,4,5,,2
R499,0.9,5,1,5,4,2,0,1,1,0,1,2,3,5,3,1;2;3;4,2,1376,2,2,3,1,2,1,2,4,,,,2
R500,1.5,5,2,2,3,1,1,1,0,0,0,2,1,0,2,1;2;3;4,2,446,4,2,2,2,1,1,2,4,5,,,2
